{
  "id": "",
  "name": "",
  "font_family": "iconfont",
  "css_prefix_text": "icon-",
  "description": "",
  "glyphs": [
    {
      "icon_id": "20887922",
      "name": "化工厂",
      "font_class": "huagongchang",
      "unicode": "e601",
      "unicode_decimal": 58881
    },
    {
      "icon_id": "20888170",
      "name": "提高分析结果可靠性",
      "font_class": "tigaofenxijieguokekaoxing",
      "unicode": "e602",
      "unicode_decimal": 58882
    },
    {
      "icon_id": "20888192",
      "name": "提高样品测试效率",
      "font_class": "tigaoyangpinceshixiaoshuai",
      "unicode": "e603",
      "unicode_decimal": 58883
    },
    {
      "icon_id": "20888211",
      "name": "无需改造",
      "font_class": "wuxugaizao",
      "unicode": "e604",
      "unicode_decimal": 58884
    },
    {
      "icon_id": "20888229",
      "name": "协调实验室资源",
      "font_class": "xietiaoshiyanshiziyuan",
      "unicode": "e605",
      "unicode_decimal": 58885
    },
    {
      "icon_id": "20888319",
      "name": "信息量化管理",
      "font_class": "xinxilianghuaguanli",
      "unicode": "e607",
      "unicode_decimal": 58887
    },
    {
      "icon_id": "20888382",
      "name": "优化复杂问题处理能力",
      "font_class": "youhuafuzawentichulinengli",
      "unicode": "e608",
      "unicode_decimal": 58888
    },
    {
      "icon_id": "21130369",
      "name": "版本查询",
      "font_class": "banbenchaxun",
      "unicode": "e609",
      "unicode_decimal": 58889
    },
    {
      "icon_id": "21130401",
      "name": "KPI排名",
      "font_class": "KPIpaiming",
      "unicode": "e60a",
      "unicode_decimal": 58890
    },
    {
      "icon_id": "21130454",
      "name": "统计能物耗",
      "font_class": "tongjinengwuhao",
      "unicode": "e60b",
      "unicode_decimal": 58891
    },
    {
      "icon_id": "21144578",
      "name": "组合式对比",
      "font_class": "zuheshiduibi",
      "unicode": "e60c",
      "unicode_decimal": 58892
    },
    {
      "icon_id": "21159662",
      "name": "生产数据备份存储",
      "font_class": "shengchanshujubeifencunchu",
      "unicode": "e60d",
      "unicode_decimal": 58893
    },
    {
      "icon_id": "21670509",
      "name": "经济效益提升",
      "font_class": "jingjixiaoyitisheng",
      "unicode": "e60e",
      "unicode_decimal": 58894
    },
    {
      "icon_id": "21691896",
      "name": "向上",
      "font_class": "xiangshang",
      "unicode": "e60f",
      "unicode_decimal": 58895
    },
    {
      "icon_id": "21691909",
      "name": "向下",
      "font_class": "xiangxia",
      "unicode": "e610",
      "unicode_decimal": 58896
    },
    {
      "icon_id": "21691952",
      "name": "后退",
      "font_class": "houtui",
      "unicode": "e611",
      "unicode_decimal": 58897
    },
    {
      "icon_id": "21691962",
      "name": "前进",
      "font_class": "qianjin",
      "unicode": "e612",
      "unicode_decimal": 58898
    },
    {
      "icon_id": "21692543",
      "name": "首页",
      "font_class": "shouye",
      "unicode": "e613",
      "unicode_decimal": 58899
    },
    {
      "icon_id": "21698642",
      "name": "个人",
      "font_class": "geren",
      "unicode": "e614",
      "unicode_decimal": 58900
    },
    {
      "icon_id": "21701765",
      "name": "退出",
      "font_class": "tuichu",
      "unicode": "e615",
      "unicode_decimal": 58901
    }
  ]
}
